{"Reenactment": 9.6, "Sport": 6.947739504843914, "Western": 6.250230769230751, "News": 6.956017418844017, "Animation": 6.710497364198915, "Sci-Fi": 6.385962952072925, "War": 6.801934607987335, "Family": 6.727651907226344, "Film-Noir": 6.712837837837847, "Adult": 6.508842579555067, "Documentary": 7.162961327051373, "Musical": 6.571977957556557, "Short": 6.8906099326045425, "Reality-TV": 6.327341208697151, "Lifestyle": 7.0, "Mystery": 6.629646609360049, "Sex": 6.3, "Music": 7.165578921924098, "Comedy": 6.515154101645787, "Thriller": 6.204652585579019, "Biography": 7.125571134424926, "Horror": 5.790920871784834, "Adventure": 6.609330165402569, "Drama": 6.669376299235403, "Game-Show": 6.035286164939156, "Crime": 6.424494056043008, "Romance": 6.470151685093303, "Talk-Show": 6.396261329305141, "History": 7.1148826905648885, "Fantasy": 6.720056546073511, "Hardcore": 6.3, "Action": 6.307181818181859}