{"Comedy": 6.515154101645787, "Musical": 6.571977957556557, "News": 6.956017418844017, "Reenactment": 9.6, "Game-Show": 6.035286164939156, "Documentary": 7.162961327051373, "History": 7.1148826905648885, "Action": 6.307181818181859, "Lifestyle": 7.0, "Talk-Show": 6.396261329305141, "Sci-Fi": 6.385962952072925, "Music": 7.165578921924098, "Biography": 7.125571134424926, "Adult": 6.508842579555067, "Drama": 6.669376299235403, "Crime": 6.424494056043008, "Romance": 6.470151685093303, "Hardcore": 6.3, "Animation": 6.710497364198915, "Western": 6.250230769230751, "Sex": 6.3, "War": 6.801934607987335, "Film-Noir": 6.712837837837847, "Family": 6.727651907226344, "Short": 6.8906099326045425, "Fantasy": 6.720056546073511, "Mystery": 6.629646609360049, "Reality-TV": 6.327341208697151, "Horror": 5.790920871784834, "Thriller": 6.204652585579019, "Adventure": 6.609330165402569, "Sport": 6.947739504843914}